epoch,loss,lr,tps_epoch,tokens
0,3.937200,0.00010000,127.392,1898
