epoch,loss,lr,tps_epoch,tokens
0,6.182700,0.00010000,76.271,468
