epoch,loss,lr,tps_epoch,tokens
0,10.824100,0.00010000,81.623,468
1,10.799100,0.00005500,105.601,468
2,10.860300,0.00001603,104.896,468
