epoch,loss,lr,tps_epoch,tokens
0,5.973900,0.00010000,106.521,10240
